,actors,director,imdb,metacritic,movie,rated,rotten_tomatoes,runtime,year
0,"Jennifer Lawrence, Liam Hemsworth, Jack Quaid, Taylor St. Clair",Francis Lawrence,7.5/10,76/100,The Hunger Games: Catching Fire,PG-13,89%,146 min,2013
1,"Robert Downey Jr., Gwyneth Paltrow, Don Cheadle, Guy Pearce",Shane Black,7.2/10,62/100,Iron Man 3,PG-13,80%,130 min,2013
2,"Kristen Bell, Idina Menzel, Jonathan Groff, Josh Gad","Chris Buck, Jennifer Lee",7.5/10,74/100,Frozen,PG,90%,102 min,2013
3,"Steve Carell, Kristen Wiig, Benjamin Bratt, Miranda Cosgrove","Pierre Coffin, Chris Renaud",7.4/10,62/100,Despicable Me 2,PG,74%,98 min,2013
4,"Henry Cavill, Amy Adams, Michael Shannon, Diane Lane",Zack Snyder,7.1/10,55/100,Man of Steel,PG-13,55%,143 min,2013
5,"Sandra Bullock, George Clooney, Ed Harris, Orto Ignatiussen",Alfonso Cuarón,7.8/10,96/100,Gravity,PG-13,96%,91 min,2013
6,"Billy Crystal, John Goodman, Steve Buscemi, Helen Mirren",Dan Scanlon,7.3/10,65/100,Monsters University,G,79%,104 min,2013
7,"Ian McKellen, Martin Freeman, Richard Armitage, Ken Stott",Peter Jackson,7.9/10,66/100,The Hobbit: The Desolation of Smaug,PG-13,74%,161 min,2013
8,"Vin Diesel, Paul Walker, Dwayne Johnson, Jordana Brewster",Justin Lin,7.1/10,61/100,Fast & Furious 6,PG-13,69%,130 min,2013
9,"James Franco, Mila Kunis, Rachel Weisz, Michelle Williams",Sam Raimi,6.3/10,44/100,Oz The Great and Powerful,PG,59%,130 min,2013
10,"Chris Pine, Zachary Quinto, Zoe Saldana, Karl Urban",J.J. Abrams,7.8/10,72/100,Star Trek Into Darkness,PG-13,86%,132 min,2013
11,"Chris Hemsworth, Natalie Portman, Tom Hiddleston, Anthony Hopkins",Alan Taylor,7.0/10,54/100,Thor: The Dark World,PG-13,66%,112 min,2013
12,"Brad Pitt, Mireille Enos, Daniella Kertesz, James Badge Dale",Marc Forster,7.0/10,63/100,World War Z,PG-13,66%,116 min,2013
13,"Nicolas Cage, Emma Stone, Ryan Reynolds, Catherine Keener","Kirk De Micco, Chris Sanders",7.2/10,55/100,The Croods,PG,72%,98 min,2013
14,"Sandra Bullock, Melissa McCarthy, Demián Bichir, Marlon Wayans",Paul Feig,6.6/10,60/100,The Heat,R,65%,117 min,2013
15,"Jennifer Aniston, Jason Sudeikis, Emma Roberts, Will Poulter",Rawson Marshall Thurber,7.0/10,44/100,We're the Millers,R,47%,110 min,2013
16,"Christian Bale, Bradley Cooper, Amy Adams, Jeremy Renner",David O. Russell,7.3/10,90/100,American Hustle,R,93%,138 min,2013
17,"Lisa Adam, Frank Aldridge, Amitabh Bachchan, Steve Bisley",Baz Luhrmann,7.3/10,55/100,The Great Gatsby,PG-13,49%,143 min,2013
18,"Vera Farmiga, Patrick Wilson, Lili Taylor, Ron Livingston",James Wan,7.5/10,68/100,The Conjuring,R,86%,112 min,2013
19,"Jason Bateman, Melissa McCarthy, Jon Favreau, Amanda Peet",Seth Gordon,5.7/10,35/100,Identity Thief,R,19%,111 min,2013
20,"Adam Sandler, Kevin James, Chris Rock, David Spade",Dennis Dugan,5.4/10,19/100,Grown Ups 2,PG-13,7%,101 min,2013
21,"Hugh Jackman, Tao Okamoto, Rila Fukushima, Hiroyuki Sanada",James Mangold,6.7/10,60/100,The Wolverine,PG-13,69%,126 min,2013
22,"Will Ferrell, Steve Carell, Paul Rudd, David Koechner",Adam McKay,6.3/10,61/100,Anchorman 2: The Legend Continues,PG-13,75%,119 min,2013
23,"Mark Wahlberg, Taylor Kitsch, Emile Hirsch, Ben Foster",Peter Berg,7.5/10,60/100,Lone Survivor,R,76%,121 min,2013
24,"Dwayne Johnson, Jonathan Pryce, Byung-hun Lee, Elodie Yung",Jon M. Chu,5.8/10,41/100,G.I. Joe: Retaliation,PG-13,28%,110 min,2013
25,"Bill Hader, Anna Faris, James Caan, Will Forte","Cody Cameron, Kris Pearn",6.4/10,59/100,Cloudy with a Chance of Meatballs 2,PG,71%,95 min,2013
26,"Jesse Eisenberg, Mark Ruffalo, Woody Harrelson, Isla Fisher",Louis Leterrier,7.3/10,50/100,Now You See Me,PG-13,50%,115 min,2013
27,"Leonardo DiCaprio, Jonah Hill, Margot Robbie, Matthew McConaughey",Martin Scorsese,8.2/10,75/100,The Wolf of Wall Street,R,78%,180 min,2013
28,"Forest Whitaker, David Banner, Michael Rainey Jr., LaJessie Smith",Lee Daniels,7.2/10,66/100,Lee Daniels' The Butler,PG-13,72%,132 min,2013
29,"Bradley Cooper, Ed Helms, Zach Galifianakis, Justin Bartha",Todd Phillips,5.9/10,30/100,The Hangover Part III,R,21%,100 min,2013
30,"Blake Anderson, Aziz Ansari, Allison Bills, Jim Conroy",Chris Wedge,6.7/10,52/100,Epic,PG,65%,102 min,2013
31,"Tom Hanks, Catherine Keener, Barkhad Abdi, Barkhad Abdirahman",Paul Greengrass,7.8/10,83/100,Captain Phillips,PG-13,93%,134 min,2013
32,"Charlie Hunnam, Diego Klattenhoff, Idris Elba, Rinko Kikuchi",Guillermo del Toro,6.9/10,64/100,Pacific Rim,PG-13,71%,131 min,2013
33,"James Franco, Jonah Hill, Seth Rogen, Jay Baruchel","Evan Goldberg, Seth Rogen",6.6/10,67/100,This is the End,R,82%,107 min,2013
34,"Gerard Butler, Aaron Eckhart, Finley Jacobsen, Dylan McDermott",Antoine Fuqua,6.5/10,41/100,Olympus Has Fallen,R,48%,119 min,2013
35,"Chadwick Boseman, Harrison Ford, Nicole Beharie, Christopher Meloni",Brian Helgeland,7.5/10,62/100,42,PG-13,79%,128 min,2013
36,"Matt Damon, Jodie Foster, Sharlto Copley, Alice Braga",Neill Blomkamp,6.6/10,61/100,Elysium,R,67%,109 min,2013
37,"Dane Cook, Stacy Keach, Brad Garrett, Teri Hatcher",Klay Hall,5.7/10,39/100,Planes,PG,25%,91 min,2013
38,"Johnny Depp, Armie Hammer, William Fichtner, Tom Wilkinson",Gore Verbinski,6.5/10,37/100,The Lone Ranger,PG-13,31%,150 min,2013
39,"Tom Cruise, Morgan Freeman, Olga Kurylenko, Andrea Riseborough",Joseph Kosinski,7.0/10,54/100,Oblivion,PG-13,52%,124 min,2013
40,"Patrick Wilson, Rose Byrne, Ty Simpkins, Lin Shaye",James Wan,6.6/10,40/100,Insidious Chapter 2,PG-13,39%,106 min,2013
41,"Emma Thompson, Tom Hanks, Annie Rose Buckley, Colin Farrell",John Lee Hancock,7.5/10,65/100,Saving Mr. Banks,PG-13,78%,125 min,2013
42,"Ryan Reynolds, Paul Giamatti, Michael Peña, Samuel L. Jackson",David Soren,6.5/10,58/100,Turbo,PG,67%,96 min,2013
43,"Denzel Washington, Mark Wahlberg, Paula Patton, Edward James Olmos",Baltasar Kormákur,6.7/10,55/100,2 Guns,R,64%,109 min,2013
44,"Channing Tatum, Jamie Foxx, Maggie Gyllenhaal, Jason Clarke",Roland Emmerich,6.4/10,52/100,White House Down,PG-13,50%,131 min,2013
45,"Jessica Chastain, Nikolaj Coster-Waldau, Megan Charpentier, Isabelle Nélisse",Andy Muschietti,6.2/10,57/100,Mama,PG-13,64%,100 min,2013
46,"Julianne Hough, Irene Ziegler, Jon Kohler, Tim Parati",Lasse Hallström,6.7/10,34/100,Safe Haven,PG-13,12%,115 min,2013
47,"Hank Azaria, Neil Patrick Harris, Brendan Gleeson, Jayma Mays",Raja Gosnell,5.4/10,34/100,The Smurfs 2,PG,13%,105 min,2013
48,"Monica Calhoun, Morris Chestnut, Melissa De Sousa, Taye Diggs",Malcolm D. Lee,6.7/10,59/100,The Best Man Holiday,R,70%,123 min,2013
49,"Logan Lerman, Alexandra Daddario, Douglas Smith, Leven Rambin",Thor Freudenthal,5.9/10,39/100,Percy Jackson: Sea of Monsters,PG,43%,106 min,2013
50,"Bruce Willis, Jai Courtney, Sebastian Koch, Mary Elizabeth Winstead",John Moore,5.3/10,28/100,A Good Day to Die Hard,R,14%,98 min,2013
51,"Nicholas Hoult, Teresa Palmer, Analeigh Tipton, Rob Corddry",Jonathan Levine,6.9/10,59/100,Warm Bodies,PG-13,81%,98 min,2013
52,"Nicholas Hoult, Eleanor Tomlinson, Ewan McGregor, Stanley Tucci",Bryan Singer,6.3/10,51/100,Jack the Giant Slayer,PG-13,52%,114 min,2013
53,"Ethan Hawke, Lena Headey, Max Burkholder, Adelaide Kane",James DeMonaco,5.7/10,41/100,The Purge,R,38%,85 min,2013
54,"Michael Douglas, Robert De Niro, Morgan Freeman, Kevin Kline",Jon Turteltaub,6.6/10,48/100,Last Vegas,PG-13,45%,105 min,2013
55,"Asa Butterfield, Harrison Ford, Hailee Steinfeld, Abigail Breslin",Gavin Hood,6.7/10,51/100,Ender's Game,PG-13,61%,114 min,2013
56,"Hugh Jackman, Jake Gyllenhaal, Viola Davis, Maria Bello",Denis Villeneuve,8.1/10,74/100,Prisoners,R,82%,153 min,2013
57,"Jaden Smith, Will Smith, Sophie Okonedo, Zoë Kravitz",M. Night Shyamalan,4.9/10,33/100,After Earth,PG-13,11%,100 min,2013
58,"Ben Stiller, Kristen Wiig, Jon Daly, Kathryn Hahn",Ben Stiller,7.3/10,54/100,The Secret Life of Walter Mitty,PG,51%,114 min,2013
59,"Brendan Fraser, Rob Corddry, Ricky Gervais, Jonathan Morgan Heit",Cal Brunker,5.9/10,35/100,Escape From Planet Earth,PG,33%,89 min,2013
60,"Chiwetel Ejiofor, Dwight Henry, Dickie Gravois, Bryan Batt",Steve McQueen,8.1/10,96/100,12 Years a Slave,R,96%,134 min,2013
61,"Owen Wilson, Woody Harrelson, Amy Poehler, George Takei",Jimmy Hayward,5.9/10,38/100,Free Birds,PG,19%,91 min,2013
62,"Jane Levy, Shiloh Fernandez, Lou Taylor Pucci, Jessica Lucas",Fede Alvarez,6.5/10,57/100,Evil Dead,R,61%,91 min,2013
63,"Bruce Willis, John Malkovich, Mary-Louise Parker, Helen Mirren",Dean Parisot,6.7/10,47/100,Red 2,PG-13,43%,116 min,2013
64,"Halle Berry, Abigail Breslin, Morris Chestnut, Michael Eklund",Brad Anderson,6.7/10,51/100,The Call,R,45%,94 min,2013
65,"Sean Penn, Holt McCallany, Wade Williams, James Landry Hébert",Ruben Fleischer,6.7/10,40/100,Gangster Squad,R,32%,113 min,2013
66,"Vince Vaughn, Owen Wilson, Rose Byrne, Aasif Mandvi",Shawn Levy,6.3/10,42/100,The Internship,PG-13,35%,119 min,2013
67,"Andrés Vázquez, Hugo Stiglitz, Eugenio Derbez, Leia Freitas",Eugenio Derbez,7.6/10,55/100,Instructions Not Included,PG-13,55%,122 min,2013
68,"Dwayne Johnson, Barry Pepper, Jon Bernthal, Susan Sarandon",Ric Roman Waugh,6.5/10,51/100,Snitch,PG-13,57%,112 min,2013
69,"Vin Diesel, Jordi Mollà, Matt Nable, Katee Sackhoff",David Twohy,6.4/10,49/100,Riddick,R,57%,119 min,2013
70,"Marlon Wayans, Marlene Forte, Essence Atkins, David Koechner",Michael Tiddes,5.1/10,20/100,A Haunted House,R,10%,86 min,2013
71,"Keanu Reeves, Hiroyuki Sanada, Ko Shibasaki, Tadanobu Asano",Carl Rinsch,6.3/10,28/100,47 Ronin,PG-13,15%,128 min,2013
72,"Meryl Streep, Julia Roberts, Chris Cooper, Ewan McGregor",John Wells,7.2/10,58/100,August: Osage County,R,65%,121 min,2013
73,"Judi Dench, Steve Coogan, Sophie Kennedy Clark, Mare Winningham",Stephen Frears,7.6/10,77/100,Philomena,PG-13,92%,98 min,2013
74,"Robert De Niro, Michelle Pfeiffer, Dianna Agron, John D'Leo",Luc Besson,6.3/10,42/100,The Family,R,29%,111 min,2013
75,"Sissy Spacek, Piper Laurie, Amy Irving, William Katt",Brian De Palma,7.4/10,85/100,Carrie,R,93%,98 min,1976
76,"Jeff Bridges, Ryan Reynolds, Kevin Bacon, Mary-Louise Parker",Robert Schwentke,5.6/10,25/100,R.I.P.D.,PG-13,14%,96 min,2013
77,"Cate Blanchett, Joy Carlin, Richard Conti, Glen Caspillo",Woody Allen,7.3/10,78/100,Blue Jasmine,PG-13,91%,98 min,2013
78,"Kevin Hart, Harry Ratchford, Will 'Spank' Horton, Joey Wells","Leslie Small, Tim Story",6.8/10,53/100,Kevin Hart: Let Me Explain,R,61%,75 min,2013
79,"Rooney Mara, Carmen Pelaez, Marin Ireland, Channing Tatum",Steven Soderbergh,7.1/10,75/100,Side Effects,R,83%,106 min,2013
80,"Ashley Tisdale, Simon Rex, Gracie Whitton, Ava Kolker","Malcolm D. Lee, David Zucker",3.5/10,11/100,Scary Movie 5,PG-13,4%,86 min,2013
81,"Lily Collins, Jamie Campbell Bower, Kevin Zegers, Jemima West",Harald Zwart,5.9/10,33/100,The Mortal Instruments: City of Bones,PG-13,13%,130 min,2013
82,"Vince Vaughn, Chris Pratt, Cobie Smulders, Andrzej Blumenfeld",Ken Scott,6.4/10,44/100,Delivery Man,PG-13,39%,105 min,2013
83,"Jim Lampley, Sylvester Stallone, Robert De Niro, Rich Little",Peter Segal,6.4/10,35/100,Grudge Match,PG-13,30%,113 min,2013
84,"Niall Horan, Zayn Malik, Liam Payne, Harry Styles",Morgan Spurlock,4.1/10,49/100,One Direction: This is Us,PG,63%,92 min,2013
85,"Aaron Taylor-Johnson, Chloë Grace Moretz, Morris Chestnut, Claudia Lee",Jeff Wadlow,6.6/10,41/100,Kick-Ass 2,R,32%,103 min,2013
86,"Matthew McConaughey, Jennifer Garner, Jared Leto, Denis O'Hare",Jean-Marc Vallée,8.0/10,84/100,Dallas Buyers Club,R,93%,117 min,2013
87,"Chris Hemsworth, Daniel Brühl, Olivia Wilde, Alexandra Maria Lara",Ron Howard,8.1/10,75/100,Rush,R,89%,123 min,2013
88,"Rachel Roberts, Shyaam Karra, Brent Wendell Williams, Jhil McEntyre",Andrew Niccol,5.9/10,35/100,The Host,PG-13,9%,125 min,2013
89,"Thomas Law, Zachary Bailess, Jasper Levine, James Tarpey",Edgar Wright,7.0/10,81/100,The World's End,R,89%,109 min,2013
90,"Joaquin Phoenix, Lynn Adrianna, Lisa Renee Pitts, Gabe Gomez",Spike Jonze,8.0/10,90/100,Her,R,94%,126 min,2013
91,"Bradley Cooper, Kyle Gallner, Cole Konis, Ben Reed",Clint Eastwood,7.3/10,72/100,American Sniper,R,72%,133 min,2014
92,"Jennifer Lawrence, Josh Hutcherson, Liam Hemsworth, Woody Harrelson",Francis Lawrence,6.7/10,64/100,The Hunger Games: Mockingjay - Part 1,PG-13,66%,123 min,2014
93,"Chris Pratt, Zoe Saldana, Dave Bautista, Vin Diesel",James Gunn,8.1/10,76/100,Guardians of the Galaxy,PG-13,91%,121 min,2014
94,"Chris Evans, Samuel L. Jackson, Scarlett Johansson, Robert Redford","Anthony Russo, Joe Russo",7.8/10,70/100,Captain America: The Winter Soldier,PG-13,89%,136 min,2014
95,"Will Arnett, Elizabeth Banks, Craig Berry, Alison Brie","Phil Lord, Christopher Miller",7.8/10,83/100,The LEGO Movie,PG,96%,100 min,2014
96,"Ian McKellen, Martin Freeman, Richard Armitage, Ken Stott",Peter Jackson,7.4/10,59/100,The Hobbit: The Battle of the Five Armies,PG-13,59%,144 min,2014
97,"Mark Wahlberg, Stanley Tucci, Kelsey Grammer, Nicola Peltz",Michael Bay,5.7/10,32/100,Transformers: Age of Extinction,PG-13,18%,165 min,2014
98,"Angelina Jolie, Elle Fanning, Sharlto Copley, Lesley Manville",Robert Stromberg,7.0/10,56/100,Maleficent,PG,51%,97 min,2014
99,"Hugh Jackman, James McAvoy, Michael Fassbender, Jennifer Lawrence",Bryan Singer,8.0/10,74/100,X-Men: Days of Future Past,PG-13,90%,132 min,2014
100,"Scott Adsit, Ryan Potter, Daniel Henney, T.J. Miller","Don Hall, Chris Williams",7.8/10,74/100,Big Hero 6,PG,89%,102 min,2014
101,"Andy Serkis, Jason Clarke, Gary Oldman, Keri Russell",Matt Reeves,7.6/10,79/100,Dawn of the Planet of the Apes,PG-13,90%,130 min,2014
102,"Andrew Garfield, Emma Stone, Jamie Foxx, Dane DeHaan",Marc Webb,6.7/10,53/100,The Amazing Spider-Man 2,PG-13,52%,142 min,2014
103,"Aaron Taylor-Johnson, CJ Adams, Ken Watanabe, Bryan Cranston",Gareth Edwards,6.4/10,62/100,Godzilla,PG-13,74%,123 min,2014
104,"Jonah Hill, Channing Tatum, Peter Stormare, Wyatt Russell","Phil Lord, Christopher Miller",7.0/10,71/100,22 Jump Street,R,85%,112 min,2014
105,"Megan Fox, Will Arnett, William Fichtner, Alan Ritchson",Jonathan Liebesman,5.8/10,31/100,Teenage Mutant Ninja Turtles,PG-13,22%,101 min,2014
106,"Ellen Burstyn, Matthew McConaughey, Mackenzie Foy, John Lithgow",Christopher Nolan,8.6/10,74/100,Interstellar,PG-13,71%,169 min,2014
107,"Jay Baruchel, Cate Blanchett, Gerard Butler, Craig Ferguson",Dean DeBlois,7.8/10,76/100,How to Train Your Dragon 2,PG,91%,102 min,2014
108,"Ben Affleck, Rosamund Pike, Neil Patrick Harris, Tyler Perry",David Fincher,8.1/10,79/100,Gone Girl,R,87%,149 min,2014
109,"Shailene Woodley, Theo James, Ashley Judd, Jai Courtney",Neil Burger,6.7/10,48/100,Divergent,PG-13,41%,139 min,2014
110,"Seth Rogen, Rose Byrne, Elise Vargas, Zoey Vargas",Nicholas Stoller,6.3/10,68/100,Neighbors,R,73%,97 min,2014
111,"Ice Cube, Kevin Hart, John Leguizamo, Bruce McGill",Tim Story,6.2/10,41/100,Ride Along,PG-13,19%,99 min,2014
112,"Jake T. Austin, Carlinhos Brown, Kristin Chenoweth, Jemaine Clement",Carlos Saldanha,6.3/10,49/100,Rio 2,G,46%,101 min,2014
113,"Anna Kendrick, Daniel Huttlestone, James Corden, Emily Blunt",Rob Marshall,6.0/10,69/100,Into the Woods,PG,70%,125 min,2014
114,"Scarlett Johansson, Morgan Freeman, Min-sik Choi, Amr Waked",Luc Besson,6.4/10,61/100,Lucy,R,67%,89 min,2014
115,"Shailene Woodley, Ansel Elgort, Nat Wolff, Laura Dern",Josh Boone,7.8/10,69/100,The Fault in our Stars,PG-13,80%,126 min,2014
116,"Jack O'Connell, Domhnall Gleeson, Garrett Hedlund, Miyavi",Angelina Jolie,7.2/10,59/100,Unbroken,PG-13,51%,137 min,2014
117,"Ben Stiller, Robin Williams, Owen Wilson, Steve Coogan",Shawn Levy,6.2/10,47/100,Night at the Museum: Secret of the Tomb,PG,49%,98 min,2014
118,"Ty Burrell, Max Charles, Lauri Fraser, Guillaume Aretos",Rob Minkoff,6.8/10,59/100,Mr. Peabody & Sherman,PG,80%,92 min,2014
119,"Sullivan Stapleton, Eva Green, Lena Headey, Hans Matheson",Noam Murro,6.2/10,48/100,300: Rise of An Empire,R,43%,102 min,2014
120,"Dylan O'Brien, Aml Ameen, Ki Hong Lee, Blake Cooper",Wes Ball,6.8/10,57/100,The Maze Runner,PG-13,65%,113 min,2014
121,"Denzel Washington, Marton Csokas, Chloë Grace Moretz, David Harbour",Antoine Fuqua,7.2/10,57/100,The Equalizer,R,60%,132 min,2014
122,"Russell Crowe, Jennifer Connelly, Ray Winstone, Anthony Hopkins",Darren Aronofsky,5.8/10,68/100,Noah,PG-13,76%,138 min,2014
123,"Tom Cruise, Emily Blunt, Brendan Gleeson, Bill Paxton",Doug Liman,7.9/10,71/100,Edge of Tomorrow,PG-13,90%,113 min,2014
124,"Liam Neeson, Julianne Moore, Scoot McNairy, Michelle Dockery",Jaume Collet-Serra,7.0/10,56/100,Non-Stop,PG-13,59%,106 min,2014
125,"Greg Kinnear, Kelly Reilly, Thomas Haden Church, Connor Corum",Randall Wallace,5.8/10,47/100,Heaven is for Real,PG,49%,99 min,2014
126,"Benedict Cumberbatch, Keira Knightley, Matthew Goode, Rory Kinnear",Morten Tyldum,8.0/10,73/100,The Imitation Game,PG-13,91%,114 min,2014
127,"Jim Carrey, Jeff Daniels, Rob Riggle, Laurie Holden","Bobby Farrelly, Peter Farrelly",5.6/10,36/100,Dumb and Dumber To,PG-13,29%,109 min,2014
128,"Albert Finney, Carol Burnett, Ann Reinking, Tim Curry",John Huston,6.5/10,39/100,Annie,PG,52%,127 min,1982
129,"Brad Pitt, Shia LaBeouf, Logan Lerman, Michael Peña",David Ayer,7.6/10,64/100,Fury,R,76%,134 min,2014
130,"Melissa McCarthy, Susan Sarandon, Kathy Bates, Allison Janney",Ben Falcone,4.9/10,39/100,Tammy,R,24%,97 min,2014
131,"Annabelle Wallis, Ward Horton, Tony Amendola, Alfre Woodard",John R. Leonetti,5.4/10,37/100,Annabelle,R,29%,99 min,2014
132,"Cameron Diaz, Leslie Mann, Nikolaj Coster-Waldau, Don Johnson",Nick Cassavetes,6.0/10,39/100,The Other Woman,PG-13,25%,109 min,2014
133,"Tom McGrath, Chris Miller, Christopher Knights, Conrad Vernon","Eric Darnell, Simon J. Smith",6.7/10,53/100,Penguins of Madagascar,PG,73%,92 min,2014
134,"Jake Johnson, Damon Wayans Jr., Rob Riggle, Nina Dobrev",Luke Greenfield,6.5/10,30/100,Let's Be Cops,R,18%,104 min,2014
135,"George Clooney, Matt Damon, Bill Murray, Cate Blanchett",George Clooney,6.1/10,52/100,The Monuments Men,PG-13,30%,118 min,2014
136,"Tate Donovan, Josh Keaton, Roger Bart, Danny DeVito","Ron Clements, John Musker",7.3/10,74/100,Hercules,G,83%,93 min,1997
137,"Frank Grillo, Carmen Ejogo, Zach Gilford, Kiele Sanchez",James DeMonaco,6.5/10,50/100,The Purge: Anarchy,R,56%,103 min,2014
138,"Steve Carell, Jennifer Garner, Ed Oxenbould, Dylan Minnette",Miguel Arteta,6.2/10,54/100,"Alexander and the Terrible, Horrible, No Good, Very Bad Day",PG,60%,81 min,2014
139,"Adam Brody, Michael Ealy, Jerry Ferrara, Meagan Good",Tim Story,5.8/10,38/100,Think Like a Man Too,PG-13,23%,106 min,2014
140,"Christian Bale, Joel Edgerton, John Turturro, Aaron Paul",Ridley Scott,6.0/10,52/100,Exodus: Gods and Kings,PG-13,28%,150 min,2014
141,"Will Arnett, Brendan Fraser, Liam Neeson, Katherine Heigl",Peter Lepeniotis,5.8/10,37/100,The Nut Job,PG,11%,85 min,2014
142,"Kevin Sorbo, Shane Harper, David A.R. White, Dean Cain",Harold Cronk,4.8/10,16/100,God's Not Dead,PG,15%,113 min,2014
143,"Diogo Morgado, Greg Hicks, Adrian Schiller, Darwin Shaw",Christopher Spencer,5.7/10,37/100,Son of God,PG-13,21%,138 min,2014
144,"Ralph Fiennes, F. Murray Abraham, Mathieu Amalric, Adrien Brody",Wes Anderson,8.1/10,88/100,The Grand Budapest Hotel,R,91%,99 min,2014
145,"Dane Cook, Ed Harris, Julie Bowen, Curtis Armstrong",Roberts Gannaway,6.0/10,48/100,Planes: Fire & Rescue,PG,44%,83 min,2014
146,"Peter Weller, Nancy Allen, Dan O'Herlihy, Ronny Cox",Paul Verhoeven,7.5/10,67/100,RoboCop,R,88%,102 min,1987
147,"Luke Evans, Sarah Gadon, Dominic Cooper, Art Parkinson",Gary Shore,6.3/10,40/100,Dracula Untold,PG-13,24%,92 min,2014
148,"Jason Bateman, Jason Sudeikis, Charlie Day, Jennifer Aniston",Sean Anders,6.3/10,40/100,Horrible Bosses 2,R,34%,108 min,2014
149,"Helen Mirren, Om Puri, Manish Dayal, Charlotte Le Bon",Lasse Hallström,7.3/10,55/100,The Hundred-Foot Journey,PG,69%,122 min,2014
150,"Idris Elba, Taraji P. Henson, Leslie Bibb, Kate del Castillo",Sam Miller,5.6/10,26/100,No Good Deed,PG-13,9%,84 min,2014
151,"David Oyelowo, Carmen Ejogo, Jim France, Trinity Simone",Ava DuVernay,7.5/10,89/100,Selma,PG-13,98%,128 min,2014
152,"Ricky Gervais, Ty Burrell, Tina Fey, Steve Whitmire",James Bobin,6.4/10,61/100,Muppets Most Wanted,PG,80%,107 min,2014
153,"Olivia Cooke, Ana Coto, Daren Kagasoff, Bianca A. Santos",Stiles White,4.5/10,38/100,Ouija,PG-13,6%,89 min,2014
154,"Ben Kingsley, Jared Harris, Nick Frost, Richard Ayoade","Graham Annable, Anthony Stacchi",6.8/10,61/100,The Boxtrolls,PG,75%,96 min,2014
155,"Chris Pine, Keira Knightley, Kevin Costner, Kenneth Branagh",Kenneth Branagh,6.2/10,57/100,Jack Ryan: Shadow Recruit,PG-13,56%,105 min,2014
156,"Chloë Grace Moretz, Mireille Enos, Jamie Blackley, Joshua Leonard",R.J. Cutler,6.8/10,46/100,If I Stay,PG-13,35%,107 min,2014
157,"Diego Luna, Zoe Saldana, Channing Tatum, Ron Perlman",Jorge R. Gutiérrez,7.3/10,67/100,The Book of Life,PG,82%,95 min,2014
158,"Kevin Hart, Michael Ealy, Regina Hall, Joy Bryant",Steve Pink,6.1/10,62/100,About Last Night,R,69%,100 min,2014
159,"Richard Armitage, Sarah Wayne Callies, Matt Walsh, Max Deacon",Steven Quale,5.8/10,44/100,Into The Storm,PG-13,21%,89 min,2014
160,"Robert Downey Jr., Robert Duvall, Vera Farmiga, Billy Bob Thornton",David Dobkin,7.4/10,48/100,The Judge,R,48%,141 min,2014
161,"Vincent Piazza, John Lloyd Young, Steve Schirripa, Christopher Walken",Clint Eastwood,6.8/10,54/100,Jersey Boys,R,52%,134 min,2014
162,"Adam Sandler, Drew Barrymore, Kevin Nealon, Terry Crews",Frank Coraci,6.5/10,31/100,Blended,PG-13,14%,117 min,2014
163,"Jeff Bridges, Meryl Streep, Brenton Thwaites, Alexander Skarsgård",Phillip Noyce,6.5/10,47/100,The Giver,PG-13,35%,97 min,2014
164,"Bill Murray, Melissa McCarthy, Naomi Watts, Chris O'Dowd",Theodore Melfi,7.3/10,64/100,St. Vincent,PG-13,77%,102 min,2014
165,"Aaron Paul, Dominic Cooper, Imogen Poots, Kid Cudi",Scott Waugh,6.5/10,39/100,Need for Speed,PG-13,22%,132 min,2014
166,"Seth MacFarlane, Charlize Theron, Amanda Seyfried, Liam Neeson",Seth MacFarlane,6.1/10,44/100,A Million Ways to Die in the West,R,33%,116 min,2014
167,"Keanu Reeves, Michael Nyqvist, Alfie Allen, Willem Dafoe","Chad Stahelski, David Leitch",7.3/10,68/100,John Wick,R,86%,101 min,2014
168,"Morgan Freeman, Ashley Judd, Juliana Harkavy, Kris Kristofferson",Charles Martin Smith,6.4/10,58/100,Dolphin Tale 2,PG,66%,107 min,2014
169,"Sylvester Stallone, Jason Statham, Harrison Ford, Arnold Schwarzenegger",Patrick Hughes,6.1/10,35/100,The Expendables 3,PG-13,32%,126 min,2014
170,"Teo Halm, Astro, Reese Hartwig, Ella Wahlestedt",Dave Green,5.8/10,53/100,Earth to Echo,PG,49%,91 min,2014
171,"Cameron Diaz, Jason Segel, Rob Corddry, Ellie Kemper",Jake Kasdan,5.1/10,36/100,Sex Tape,R,17%,94 min,2014
172,"Reese Witherspoon, Laura Dern, Thomas Sadoski, Keene McRae",Jean-Marc Vallée,7.1/10,76/100,Wild,R,90%,115 min,2014
173,"Jon Hamm, Pitobash, Suraj Sharma, Madhur Mittal",Craig Gillespie,7.0/10,56/100,Million Dollar Arm,PG,64%,124 min,2014
174,"Eddie Redmayne, Felicity Jones, Tom Prior, Sophie Perry",James Marsh,7.7/10,72/100,The Theory of Everything,PG-13,78%,123 min,2014
175,"Jason Bateman, Tina Fey, Jane Fonda, Adam Driver",Shawn Levy,6.6/10,44/100,This is Where I Leave You,R,42%,103 min,2014
176,"Mark Wahlberg, George Kennedy, Griffin Cleveland, Jessica Lange",Rupert Wyatt,6.0/10,55/100,The Gambler,R,44%,111 min,2014
177,"Andrew Jacobs, Jorge Diaz, Gabrielle Walsh, Renee Victor",Christopher Landon,5.0/10,42/100,Paranormal Activity: The Marked Ones,R,38%,84 min,2014
178,"Jake Gyllenhaal, Michael Papajohn, Marco Rodríguez, Bill Paxton",Dan Gilroy,7.9/10,76/100,Nightcrawler,R,95%,118 min,2014
179,"Jon Favreau, John Leguizamo, Bobby Cannavale, Emjay Anthony",Jon Favreau,7.3/10,68/100,Chef,R,87%,114 min,2014
180,"Chadwick Boseman, Nelsan Ellis, Dan Aykroyd, Viola Davis",Tate Taylor,6.9/10,71/100,Get On Up,PG-13,80%,139 min,2014
181,"Kevin Costner, Amber Heard, Hailee Steinfeld, Connie Nielsen",McG,6.2/10,40/100,3 Days to Kill,PG-13,28%,117 min,2014
182,"Eric Bana, Edgar Ramírez, Olivia Munn, Chris Coy",Scott Derrickson,6.2/10,40/100,Deliver Us From Evil,R,29%,118 min,2014
183,"Jim Caviezel, Michael Chiklis, Alexander Ludwig, Clancy Brown",Thomas Carter,6.7/10,41/100,When the Game Stands Tall,PG,20%,115 min,2014
184,"Chris Berman, Dave Donaldson, Patrick St. Esprit, Chi McBride",Ivan Reitman,6.8/10,54/100,Draft Day,PG-13,59%,110 min,2014
185,"Karen Gillan, Brenton Thwaites, Katee Sackhoff, Rory Cochrane",Mike Flanagan,6.5/10,61/100,Oculus,R,73%,104 min,2013
186,"Michelle Monaghan, James Marsden, Luke Bracey, Liana Liberato",Michael Hoffman,6.7/10,29/100,The Best of Me,PG-13,8%,118 min,2014
187,"Liam Neeson, Maurice Compte, Patrick McDade, Luciano Acuna Jr.",Scott Frank,6.5/10,57/100,A Walk Among the Tombstones,R,66%,114 min,2014
188,"Zac Efron, Miles Teller, Michael B. Jordan, Imogen Poots",Tom Gormican,6.2/10,36/100,That Awkward Moment,R,22%,94 min,2014
189,"Ellar Coltrane, Patricia Arquette, Elijah Smith, Lorelei Linklater",Richard Linklater,7.9/10,100/100,Boyhood,R,97%,165 min,2014
190,"Harrison Ford, Mark Hamill, Carrie Fisher, Adam Driver",J.J. Abrams,8.0/10,81/100,Star Wars: The Force Awakens,PG-13,93%,136 min,2015
191,"Chris Pratt, Bryce Dallas Howard, Irrfan Khan, Vincent D'Onofrio",Colin Trevorrow,7.0/10,59/100,Jurassic World,PG-13,71%,124 min,2015
192,"Robert Downey Jr., Chris Hemsworth, Mark Ruffalo, Chris Evans",Joss Whedon,7.4/10,66/100,Avengers: Age of Ultron,PG-13,75%,141 min,2015
193,"Amy Poehler, Phyllis Smith, Richard Kind, Bill Hader","Pete Docter, Ronnie Del Carmen(co-director)",8.2/10,94/100,Inside Out,PG,98%,95 min,2015
194,"Vin Diesel, Paul Walker, Jason Statham, Michelle Rodriguez",James Wan,7.2/10,67/100,Furious 7,PG-13,80%,137 min,2015
195,"Sandra Bullock, Jon Hamm, Michael Keaton, Allison Janney","Kyle Balda, Pierre Coffin",6.4/10,56/100,Minions,PG,56%,91 min,2015
196,"Jennifer Lawrence, Josh Hutcherson, Liam Hemsworth, Woody Harrelson",Francis Lawrence,6.5/10,65/100,The Hunger Games: Mockingjay - Part 2,PG-13,70%,137 min,2015
197,"Matt Damon, Jessica Chastain, Kristen Wiig, Jeff Daniels",Ridley Scott,8.0/10,80/100,The Martian,PG-13,91%,144 min,2015
198,"Cate Blanchett, Lily James, Richard Madden, Helena Bonham Carter",Kenneth Branagh,6.9/10,67/100,Cinderella,PG,84%,105 min,2015
199,"Daniel Craig, Christoph Waltz, Léa Seydoux, Ralph Fiennes",Sam Mendes,6.8/10,60/100,Spectre,PG-13,63%,148 min,2015
200,"Tom Cruise, Jeremy Renner, Simon Pegg, Rebecca Ferguson",Christopher McQuarrie,7.4/10,75/100,Mission: Impossible - Rogue Nation,PG-13,93%,131 min,2015
201,"Anna Kendrick, Rebel Wilson, Hailee Steinfeld, Brittany Snow",Elizabeth Banks,6.4/10,63/100,Pitch Perfect 2,PG-13,65%,115 min,2015
202,"Leonardo DiCaprio, Tom Hardy, Domhnall Gleeson, Will Poulter",Alejandro G. Iñárritu,8.0/10,76/100,The Revenant,R,80%,156 min,2015
203,"Paul Rudd, Michael Douglas, Evangeline Lilly, Corey Stoll",Peyton Reed,7.3/10,64/100,Ant-Man,PG-13,82%,117 min,2015
204,"Jim Parsons, Rihanna, Steve Martin, Jennifer Lopez",Tim Johnson,6.7/10,55/100,Home,PG,48%,94 min,2015
205,"Adam Sandler, Andy Samberg, Selena Gomez, Kevin James",Genndy Tartakovsky,6.7/10,44/100,Hotel Transylvania 2,PG,55%,89 min,2015
206,"Dakota Johnson, Jamie Dornan, Jennifer Ehle, Eloise Mumford",Sam Taylor-Johnson,4.1/10,46/100,Fifty Shades of Grey,R,25%,125 min,2015
207,"Antonio Banderas, Eric Bauza, Tim Conway, Eddie Deezen","Paul Tibbitt, Mike Mitchell",6.0/10,62/100,The SpongeBob Movie: Sponge Out of Water,PG,80%,92 min,2015
208,"O'Shea Jackson Jr., Corey Hawkins, Jason Mitchell, Neil Brown Jr.",F. Gary Gray,7.9/10,72/100,Straight Outta Compton,R,87%,147 min,2015
209,"Dwayne Johnson, Carla Gugino, Alexandra Daddario, Ioan Gruffudd",Brad Peyton,6.1/10,43/100,San Andreas,PG-13,50%,114 min,2015
210,"Tom Hardy, Charlize Theron, Nicholas Hoult, Hugh Keays-Byrne",George Miller,8.1/10,90/100,Mad Max: Fury Road,R,97%,120 min,2015
211,"Will Ferrell, Mark Wahlberg, Linda Cardellini, Thomas Haden Church",Sean Anders,6.1/10,42/100,Daddy's Home,PG-13,31%,96 min,2015
212,"Trombone Shorty, Rebecca Bloom, Anastasia Bredikhina, Francesca Capaldi",Steve Martino,7.1/10,67/100,The Peanuts Movie,G,87%,88 min,2015
213,"Adrian Quinton, Colin Firth, Mark Strong, Jonno Davies",Matthew Vaughn,7.7/10,60/100,Kingsman: The Secret Service,R,74%,129 min,2014
214,"Jeffrey Wright, Frances McDormand, Maleah Nipay-Padilla, Ryan Teeple",Peter Sohn,6.7/10,66/100,The Good Dinosaur,PG,77%,93 min,2015
215,"Jude Law, Raad Rawi, Melissa McCarthy, Jessica Chaffin",Paul Feig,7.0/10,75/100,Spy,R,94%,119 min,2015
216,"Colin Quinn, Devin Fabry, Carla Oudin, Amy Schumer",Judd Apatow,6.2/10,75/100,Trainwreck,R,86%,125 min,2015
217,"Michael B. Jordan, Sylvester Stallone, Tessa Thompson, Phylicia Rashad",Ryan Coogler,7.6/10,82/100,Creed,PG-13,95%,133 min,2015
218,"George Clooney, Hugh Laurie, Britt Robertson, Raffey Cassidy",Brad Bird,6.5/10,60/100,Tomorrowland,PG,50%,130 min,2015
219,"Will Ferrell, Kevin Hart, Craig T. Nelson, Alison Brie",Etan Cohen,6.0/10,34/100,Get Hard,R,29%,100 min,2015
220,"Arnold Schwarzenegger, Jason Clarke, Emilia Clarke, Jai Courtney",Alan Taylor,6.5/10,38/100,Terminator: Genisys,PG-13,26%,126 min,2015
221,"Liam Neeson, Forest Whitaker, Famke Janssen, Maggie Grace",Olivier Megaton,6.0/10,26/100,Taken 3,PG-13,12%,108 min,2014
222,"Amy Poehler, Tina Fey, Maya Rudolph, Ike Barinholtz",Jason Moore,6.0/10,58/100,Sisters,R,60%,118 min,2015
223,"Jason Lee, Justin Long, Matthew Gray Gubler, Jesse McCartney",Walt Becker,5.1/10,33/100,Alvin and the Chipmunks: The Road Chip,PG,15%,92 min,2015
224,"Dylan O'Brien, Ki Hong Lee, Kaya Scodelario, Thomas Brodie-Sangster",Wes Ball,6.3/10,43/100,Maze Runner: The Scorch Trials,PG-13,46%,131 min,2015
225,"Mark Wahlberg, Seth MacFarlane, Amanda Seyfried, Jessica Barth",Seth MacFarlane,6.3/10,48/100,Ted 2,R,46%,115 min,2015
226,"Jack Black, Dylan Minnette, Odeya Rush, Ryan Lee",Rob Letterman,6.3/10,60/100,Goosebumps,PG,76%,103 min,2015
227,"Adam Sandler, Kevin James, Michelle Monaghan, Peter Dinklage",Chris Columbus,5.6/10,27/100,Pixels,PG-13,17%,105 min,2015
228,"Tim Downie, Madeleine Worrall, Lottie Steer, Geoffrey Palmer",Paul King,7.2/10,77/100,Paddington,PG,98%,95 min,2014
229,"Robert De Niro, Anne Hathaway, Rene Russo, Anders Holm",Nancy Meyers,7.1/10,51/100,The Intern,PG-13,60%,121 min,2015
230,"Mark Rylance, Domenick Lombardozzi, Victor Verhaeghe, Mark Fichera",Steven Spielberg,7.6/10,81/100,Bridge of Spies,PG-13,91%,142 min,2015
231,"Kevin James, Raini Rodriguez, Neal McDonough, Daniella Alonso",Andy Fickman,4.4/10,13/100,Paul Blart: Mall Cop 2,PG,5%,94 min,2015
232,"Ryan Gosling, Rudy Eisenzopf, Casey Groves, Charlie Talbert",Adam McKay,7.8/10,81/100,The Big Short,R,88%,130 min,2015
233,"Karen Abercrombie, Priscilla C. Shirer, T.C. Stallings, Tenae Downing",Alex Kendrick,6.4/10,26/100,War Room,PG,33%,120 min,2015
234,"Channing Tatum, Juan Piedrahita, Sharon Blackwood, Alison Faulk",Gregory Jacobs,5.6/10,60/100,Magic Mike XXL,R,65%,115 min,2015
235,"Olivia DeJonge, Ed Oxenbould, Deanna Dunagan, Peter McRobbie",M. Night Shyamalan,6.2/10,55/100,The Visit,PG-13,65%,94 min,2015
236,"Kevin Hart, Josh Gad, Affion Crockett, Kaley Cuoco",Jeremy Garelick,6.7/10,35/100,The Wedding Ringer,R,28%,101 min,2015
237,"Johnny Depp, Joel Edgerton, Benedict Cumberbatch, Dakota Johnson",Scott Cooper,6.9/10,68/100,Black Mass,R,73%,123 min,2015
238,"Ed Helms, Christina Applegate, Skyler Gisondo, Steele Stebbins","John Francis Daley, Jonathan Goldstein",6.1/10,34/100,Vacation,R,26%,99 min,2015
239,"Sanaa Lathan, Michael Ealy, Morris Chestnut, L. Scott Caldwell",David M. Rosenthal,5.6/10,36/100,The Perfect Guy,PG-13,19%,100 min,2015
240,"Jennifer Lawrence, Robert De Niro, Bradley Cooper, Edgar Ramírez",David O. Russell,6.6/10,56/100,Joy,PG-13,59%,124 min,2015
241,"Ioan Gruffudd, Jessica Alba, Chris Evans, Michael Chiklis",Tim Story,5.7/10,40/100,Fantastic Four,PG-13,27%,106 min,2005
242,"Samuel L. Jackson, Kurt Russell, Jennifer Jason Leigh, Walton Goggins",Quentin Tarantino,7.8/10,68/100,The Hateful Eight,R,75%,187 min,2015
243,"Will Smith, Margot Robbie, Adrian Martinez, Gerald McRaney","Glenn Ficarra, John Requa",6.6/10,56/100,Focus,R,56%,105 min,2015
244,"Jake Gyllenhaal, Rachel McAdams, Forest Whitaker, Oona Laurence",Antoine Fuqua,7.4/10,57/100,Southpaw,R,59%,124 min,2015
245,"Dermot Mulroney, Stefanie Scott, Angus Sampson, Leigh Whannell",Leigh Whannell,6.1/10,52/100,Insidious Chapter 3,PG-13,58%,97 min,2015
246,"Craig T. Nelson, JoBeth Williams, Beatrice Straight, Dominique Dunne",Tobe Hooper,7.4/10,79/100,Poltergeist,PG,86%,114 min,1982
247,"Mila Kunis, Channing Tatum, Sean Bean, Eddie Redmayne","Lana Wachowski, Lilly Wachowski",5.3/10,40/100,Jupiter Ascending,PG-13,26%,127 min,2015
248,"Emily Blunt, Benicio Del Toro, Josh Brolin, Victor Garber",Denis Villeneuve,7.6/10,82/100,Sicario,R,93%,121 min,2015
249,"Henry Cavill, Armie Hammer, Alicia Vikander, Elizabeth Debicki",Guy Ritchie,7.3/10,56/100,The Man From U.N.C.L.E.,PG-13,66%,116 min,2015
250,"Mark Ruffalo, Michael Keaton, Rachel McAdams, Liev Schreiber",Tom McCarthy,8.1/10,93/100,Spotlight,R,97%,128 min,2015
251,"Kevin Costner, Ramiro Rodriguez, Carlos Pratts, Johnny Ortiz",Niki Caro,7.4/10,60/100,"McFarland, USA",PG,80%,129 min,2015
252,"Jason Bateman, Rebecca Hall, Joel Edgerton, Allison Tolman",Joel Edgerton,7.1/10,77/100,The Gift,R,92%,108 min,2015
253,"Jason Clarke, Ang Phula Sherpa, Thomas M. Wright, Martin Henderson",Baltasar Kormákur,7.1/10,64/100,Everest,PG-13,73%,121 min,2015
254,"Joseph Gordon-Levitt, Seth Rogen, Anthony Mackie, Jillian Bell",Jonathan Levine,6.4/10,58/100,The Night Before,R,66%,101 min,2015
255,"Emjay Anthony, Adam Scott, Toni Collette, Stefania LaVie Owen",Michael Dougherty,6.2/10,49/100,Krampus,PG-13,65%,98 min,2015
256,"Thomas Haden Church, Josh Wiggins, Luke Kleintank, Lauren Graham",Boaz Yakin,6.8/10,47/100,Max,PG,35%,111 min,2015
257,"Blake Lively, Michiel Huisman, Harrison Ford, Ellen Burstyn",Lee Toland Krieger,7.2/10,51/100,The Age of Adaline,PG-13,56%,112 min,2015
258,"Saoirse Ronan, Hugh Gormley, Brid Brennan, Maeve McGrath",John Crowley,7.5/10,87/100,Brooklyn,PG-13,97%,117 min,2015
259,"Britt Robertson, Scott Eastwood, Alan Alda, Jack Huston",George Tillman Jr.,7.1/10,33/100,The Longest Ride,PG-13,29%,123 min,2015
260,"Jennifer Lopez, Ryan Guzman, Ian Nelson, John Corbett",Rob Cohen,4.7/10,30/100,The Boy Next Door,R,10%,91 min,2015
261,"Hugh Jackman, Levi Miller, Garrett Hedlund, Rooney Mara",Joe Wright,5.8/10,36/100,Pan,PG,27%,111 min,2015
262,"Reese Witherspoon, Sofía Vergara, Matthew Del Negro, Michael Mosley",Anne Fletcher,5.1/10,31/100,Hot Pursuit,PG-13,7%,87 min,2015
263,"Will Smith, Alec Baldwin, Albert Brooks, Gugu Mbatha-Raw",Peter Landesman,7.1/10,55/100,Concussion,PG-13,60%,123 min,2015
264,"Mae Whitman, Robbie Amell, Bella Thorne, Bianca A. Santos",Ari Sandel,6.5/10,56/100,The DUFF,PG-13,71%,101 min,2015
265,"Helen Mirren, Ryan Reynolds, Daniel Brühl, Katie Holmes",Simon Curtis,7.3/10,51/100,Woman in Gold,PG-13,55%,109 min,2015
266,"Dev Patel, Maggie Smith, Danny Mahoney, David Strathairn",John Madden,6.6/10,51/100,The Second Best Exotic Marigold Hotel,PG,64%,122 min,2015
267,"Heather Sossaman, Matthew Bohrer, Courtney Halverson, Shelley Hennig",Levan Gabriadze,5.6/10,59/100,Unfriended,R,63%,83 min,2014
268,"Nat Wolff, Cara Delevingne, Austin Abrams, Justice Smith",Jake Schreier,6.3/10,56/100,Paper Towns,PG-13,56%,109 min,2015
269,"Sharlto Copley, Dev Patel, Ninja, Yo-Landi Visser",Neill Blomkamp,6.8/10,41/100,Chappie,R,32%,120 min,2015
270,"Mia Wasikowska, Jessica Chastain, Tom Hiddleston, Charlie Hunnam",Guillermo del Toro,6.5/10,66/100,Crimson Peak,R,71%,119 min,2015
271,"Robert Redford, Nick Nolte, Emma Thompson, Mary Steenburgen",Ken Kwapis,6.3/10,51/100,A Walk in the Woods,R,46%,104 min,2015
272,"Patrick Swayze, Keanu Reeves, Gary Busey, Lori Petty",Kathryn Bigelow,7.2/10,58/100,Point Break,R,68%,122 min,1991
273,"James Ransone, Shannyn Sossamon, Robert Daniel Sloan, Dartanian Sloan",Ciarán Foy,5.3/10,32/100,Sinister 2,R,13%,97 min,2015
274,"Vin Diesel, Rose Leslie, Elijah Wood, Ólafur Darri Ólafsson",Breck Eisner,6.0/10,34/100,The Last Witch Hunter,PG-13,17%,106 min,2015
275,"Owen Wilson, Lake Bell, Sterling Jerins, Claire Geare",John Erick Dowdle,6.8/10,38/100,No Escape,R,45%,103 min,2015
276,"Meryl Streep, Rick Springfield, Rick Rosas, Joe Vitale",Jonathan Demme,5.9/10,54/100,Ricki and the Flash,PG-13,63%,101 min,2015
277,"Phoebe Fox, Merryn Pearse, Mary Roscoe, Helen McCrory",Tom Harper,4.9/10,42/100,The Woman in Black 2: Angel of Death,PG-13,22%,98 min,2014
278,"Liam Neeson, Ed Harris, Joel Kinnaman, Boyd Holbrook",Jaume Collet-Serra,6.6/10,59/100,Run All Night,R,60%,114 min,2015
279,"Steve Martin, Diane Keaton, John Goodman, Ed Helms",Jessie Nelson,5.7/10,31/100,Love the Coopers,PG-13,19%,107 min,2015
280,"Domhnall Gleeson, Alicia Vikander, Oscar Isaac, Sonoya Mizuno",Alex Garland,7.7/10,78/100,Ex Machina,R,92%,108 min,2014
281,"Chris Hemsworth, Benjamin Walker, Cillian Murphy, Brendan Gleeson",Ron Howard,6.9/10,47/100,In the Heart of the Sea,PG-13,42%,122 min,2015
282,"Reese Mishler, Pfeifer Brown, Ryan Shoos, Cassidy Gifford","Travis Cluff, Chris Lofing",4.2/10,30/100,The Gallows,R,16%,81 min,2015
283,"Angelababy, Dan Bakkedahl, Charlene Beck, Michael Bornhütter",Aleksander Bach,5.7/10,28/100,Hitman: Agent 47,R,9%,96 min,2015
284,"Jonny Weston, Sofia Black-D'Elia, Sam Lerner, Allen Evangelista",Dean Israelite,6.4/10,47/100,Project Almanac,PG-13,37%,106 min,2015
285,"Kevin Costner, Octavia Spencer, Jillian Estell, Bill Burr",Mike Binder,6.6/10,45/100,Black or White,PG-13,41%,121 min,2014
286,"Bradley Cooper, Emma Stone, Rachel McAdams, Bill Murray",Cameron Crowe,5.4/10,40/100,Aloha,PG-13,19%,105 min,2015
287,"Felicity Jones, Diego Luna, Alan Tudyk, Donnie Yen",Gareth Edwards,7.8/10,65/100,Rogue One: A Star Wars Story,PG-13,85%,133 min,2016
288,"Ellen DeGeneres, Albert Brooks, Ed O'Neill, Kaitlin Olson","Andrew Stanton, Angus MacLane(co-director)",7.4/10,77/100,Finding Dory,PG,94%,97 min,2016
289,"Chris Evans, Robert Downey Jr., Scarlett Johansson, Sebastian Stan","Anthony Russo, Joe Russo",7.8/10,75/100,Captain America: Civil War,PG-13,91%,147 min,2016
290,"Louis C.K., Eric Stonestreet, Kevin Hart, Jenny Slate","Chris Renaud, Yarrow Cheney(co-director)",6.5/10,61/100,The Secret Life of Pets,PG,75%,87 min,2016
291,"Neel Sethi, Bill Murray, Ben Kingsley, Idris Elba",Jon Favreau,7.5/10,77/100,The Jungle Book,PG,95%,106 min,2016
292,"Ryan Reynolds, Karan Soni, Ed Skrein, Michael Benyaer",Tim Miller,8.0/10,65/100,Deadpool,R,83%,108 min,2016
293,"Ginnifer Goodwin, Jason Bateman, Idris Elba, Jenny Slate","Byron Howard, Rich Moore, Jared Bush(co-director)",8.0/10,78/100,Zootopia,PG,98%,108 min,2016
294,"Ben Affleck, Henry Cavill, Amy Adams, Jesse Eisenberg",Zack Snyder,6.6/10,44/100,Batman v Superman: Dawn of Justice,PG-13,27%,151 min,2016
295,"Will Smith, Jaime FitzSimons, Ike Barinholtz, Margot Robbie",David Ayer,6.1/10,40/100,Suicide Squad,PG-13,26%,123 min,2016
296,"Matthew McConaughey, Reese Witherspoon, Seth MacFarlane, Scarlett Johansson","Garth Jennings, Christophe Lourdelet(co-director)",7.1/10,59/100,Sing,PG,73%,108 min,2016
297,"Auli'i Cravalho, Dwayne Johnson, Rachel House, Temuera Morrison","Ron Clements, John Musker, Don Hall(co-director), Chris Williams(co-director)",7.6/10,81/100,Moana,PG,96%,107 min,2016
298,"Eddie Redmayne, Sam Redford, Scott Goldman, Tim Bentinck",David Yates,7.4/10,66/100,Fantastic Beasts and Where To Find Them,PG-13,74%,133 min,2016
299,"Benedict Cumberbatch, Chiwetel Ejiofor, Rachel McAdams, Benedict Wong",Scott Derrickson,7.5/10,72/100,Doctor Strange,PG-13,89%,115 min,2016
300,"Taraji P. Henson, Octavia Spencer, Janelle Monáe, Kevin Costner",Theodore Melfi,7.8/10,74/100,Hidden Figures,PG,93%,127 min,2016
301,"Matt Damon, Tommy Lee Jones, Alicia Vikander, Vincent Cassel",Paul Greengrass,6.6/10,58/100,Jason Bourne,PG-13,55%,123 min,2016
302,"Chris Pine, Zachary Quinto, Karl Urban, Zoe Saldana",Justin Lin,7.1/10,68/100,Star Trek Beyond,PG-13,85%,122 min,2016
303,"James McAvoy, Michael Fassbender, Jennifer Lawrence, Nicholas Hoult",Bryan Singer,7.0/10,52/100,X-Men: Apocalypse,PG-13,48%,144 min,2016
304,"Anna Kendrick, Justin Timberlake, Zooey Deschanel, Christopher Mintz-Plasse","Mike Mitchell, Walt Dohrn(co-director)",6.5/10,56/100,Trolls,PG,73%,92 min,2016
305,"Ryan Gosling, Emma Stone, Amiée Conn, Terry Walters",Damien Chazelle,8.1/10,93/100,La La Land,PG-13,92%,128 min,2016
306,"Jack Black, Bryan Cranston, Dustin Hoffman, Angelina Jolie","Alessandro Carloni, Jennifer Yuh Nelson",7.1/10,66/100,Kung Fu Panda 3,PG,86%,95 min,2016
307,"Bill Murray, Dan Aykroyd, Sigourney Weaver, Harold Ramis",Ivan Reitman,7.8/10,71/100,Ghostbusters,PG,97%,105 min,1984
308,"Dwayne Johnson, Kevin Hart, Amy Ryan, Danielle Nicolet",Rawson Marshall Thurber,6.3/10,52/100,Central Intelligence,PG-13,70%,107 min,2016
309,"Alexander Skarsgård, Rory J. Saper, Christian Stevens, Christoph Waltz",David Yates,6.3/10,44/100,The Legend of Tarzan,PG-13,36%,110 min,2016
310,"Tom Hanks, Aaron Eckhart, Valerie Mahaffey, Delphi Harrington",Clint Eastwood,7.5/10,74/100,Sully,PG-13,86%,96 min,2016
311,"Mila Kunis, Kathryn Hahn, Kristen Bell, Christina Applegate","Jon Lucas, Scott Moore",6.2/10,60/100,Bad Moms,R,58%,100 min,2016
312,"Jason Sudeikis, Josh Gad, Danny McBride, Maya Rudolph","Clay Kaytis, Fergal Reilly",6.3/10,43/100,The Angry Birds Movie,PG,43%,97 min,2016
313,"Liam Hemsworth, Jeff Goldblum, Jessie T. Usher, Bill Pullman",Roland Emmerich,5.2/10,32/100,Independence Day: Resurgence,PG-13,31%,120 min,2016
314,"Patrick Wilson, Vera Farmiga, Madison Wolfe, Frances O'Connor",James Wan,7.4/10,65/100,The Conjuring 2,R,79%,134 min,2016
315,"Amy Adams, Jeremy Renner, Forest Whitaker, Michael Stuhlbarg",Denis Villeneuve,7.9/10,81/100,Arrival,PG-13,94%,116 min,2016
316,"Jennifer Lawrence, Chris Pratt, Michael Sheen, Laurence Fishburne",Morten Tyldum,7.0/10,41/100,Passengers,PG-13,30%,116 min,2016
317,"Alistair Abell, Iris Apatow, Sugar Lyn Beard, Michael Cera","Greg Tiernan, Conrad Vernon",6.2/10,66/100,Sausage Party,R,82%,89 min,2016
318,"Denzel Washington, Chris Pratt, Ethan Hawke, Vincent D'Onofrio",Antoine Fuqua,6.9/10,54/100,The Magnificent Seven,PG-13,63%,132 min,2016
319,"Ice Cube, Kevin Hart, Tika Sumpter, Benjamin Bratt",Tim Story,5.9/10,32/100,Ride Along 2,PG-13,13%,102 min,2016
320,"Stephen Lang, Jane Levy, Dylan Minnette, Daniel Zovatto",Fede Alvarez,7.1/10,71/100,Don't Breathe,R,87%,88 min,2016
321,"Eva Green, Asa Butterfield, Samuel L. Jackson, Judi Dench",Tim Burton,6.7/10,57/100,Miss Peregrine's Home for Peculiar Children,PG-13,63%,127 min,2016
322,"Ben Affleck, Anna Kendrick, J.K. Simmons, Jon Bernthal",Gavin O'Connor,7.4/10,51/100,The Accountant,R,52%,128 min,2016
323,"Megan Fox, Will Arnett, Laura Linney, Stephen Amell",Dave Green,6.0/10,40/100,Teenage Mutant Ninja Turtles: Out of the Shadows,PG-13,35%,112 min,2016
324,"Frank Grillo, Elizabeth Mitchell, Mykelti Williamson, Joseph Julian Soria",James DeMonaco,6.0/10,55/100,The Purge: Election Year,R,53%,108 min,2016
325,"Johnny Depp, Mia Wasikowska, Helena Bonham Carter, Anne Hathaway",James Bobin,6.2/10,34/100,Alice Through the Looking Glass,PG,29%,113 min,2016
326,"Bryce Dallas Howard, Robert Redford, Oakes Fegley, Oona Laurence",David Lowery,6.7/10,71/100,Pete's Dragon,PG,87%,102 min,2016
327,"Emily Blunt, Haley Bennett, Rebecca Ferguson, Justin Theroux",Tate Taylor,6.5/10,48/100,The Girl on the Train,R,44%,112 min,2016
328,"Tyler Perry, Cassi Davis, Patrice Lovely, Bella Thorne",Tyler Perry,4.6/10,30/100,Boo! A Madea Halloween,PG-13,23%,103 min,2016
329,"Andy Samberg, Katie Crown, Kelsey Grammer, Jennifer Aniston","Nicholas Stoller, Doug Sweetland",6.8/10,56/100,Storks,PG,63%,87 min,2016
330,"John Goodman, Mary Elizabeth Winstead, John Gallagher Jr., Douglas M. Griffin",Dan Trachtenberg,7.2/10,76/100,10 Cloverfield Lane,PG-13,90%,103 min,2016
331,"Teresa Palmer, Gabriel Bateman, Alexander DiPersia, Billy Burke",David F. Sandberg,6.3/10,58/100,Lights Out,PG-13,76%,81 min,2016
332,"Andrew Garfield, Richard Pyros, Jacob Warner, Milo Gibson",Mel Gibson,8.2/10,71/100,Hacksaw Ridge,R,86%,139 min,2016
333,"Jesse Eisenberg, Mark Ruffalo, Woody Harrelson, Dave Franco",Jon M. Chu,6.5/10,46/100,Now You See Me 2,PG-13,34%,129 min,2016
334,"Stephanie Beatriz, Robert Cardone, Neil deGrasse Tyson, Adam Devine","Mike Thurmeier, Galen T. Chu(co-director)",5.7/10,34/100,Ice Age: Collision Course,PG,16%,94 min,2016
335,"Melissa McCarthy, Kristen Bell, Peter Dinklage, Ella Anderson",Ben Falcone,5.4/10,40/100,The Boss,R,22%,99 min,2016
336,"Alon Aboutboul, Waleed Zuaiter, Adel Bencherif, Mehdi Dehbi",Babak Najafi,5.9/10,28/100,London Has Fallen,R,25%,99 min,2016
337,"Jennifer Garner, Kylie Rogers, Martin Henderson, Brighton Sharbino",Patricia Riggen,7.1/10,44/100,Miracles from Heaven,PG,43%,109 min,2016
338,"Mark Wahlberg, Kurt Russell, Douglas M. Griffin, James DuMont",Peter Berg,7.2/10,68/100,Deepwater Horizon,PG-13,83%,107 min,2016
339,"Zoey Deutch, James Franco, Tangie Ambrose, Cedric the Entertainer",John Hamburg,6.2/10,39/100,Why Him?,R,39%,111 min,2016
340,"Nia Vardalos, John Corbett, Michael Constantine, Lainie Kazan",Kirk Jones,6.0/10,37/100,My Big Fat Greek Wedding 2,PG-13,28%,94 min,2016
341,"Tom Cruise, Cobie Smulders, Aldis Hodge, Danika Yarosh",Edward Zwick,6.1/10,47/100,Jack Reacher: Never Go Back,PG-13,37%,118 min,2016
342,"Denzel Washington, Viola Davis, Stephen Henderson, Jovan Adepo",Denzel Washington,7.2/10,79/100,Fences,PG-13,94%,139 min,2016
343,"Sam Claflin, Vanessa Kirby, Emilia Clarke, Eileen Dunwoodie",Thea Sharrock,7.4/10,51/100,Me Before You,PG-13,56%,106 min,2016
344,"Mark Rylance, Ruby Barnhill, Penelope Wilton, Jemaine Clement",Steven Spielberg,6.4/10,66/100,The BFG,PG,75%,117 min,2016
345,"Seth Rogen, Zac Efron, Rose Byrne, Chloë Grace Moretz",Nicholas Stoller,5.7/10,58/100,Neighbors 2: Sorority Rising,R,62%,92 min,2016
346,"Blake Lively, Óscar Jaenada, Angelo Josue Lozano Corzo, Joseph Salas",Jaume Collet-Serra,6.3/10,59/100,The Shallows,PG-13,78%,86 min,2016
347,"Jason Bateman, Olivia Munn, T.J. Miller, Jennifer Aniston","Josh Gordon, Will Speck",5.8/10,42/100,Office Christmas Party,R,41%,105 min,2016
348,"Michael Fassbender, Marion Cotillard, Jeremy Irons, Brendan Gleeson",Justin Kurzel,5.8/10,36/100,Assassin's Creed,PG-13,18%,115 min,2016
349,"Ice Cube, Cedric the Entertainer, Regina Hall, Sean Patrick Thomas",Malcolm D. Lee,5.9/10,67/100,Barbershop: The Next Cut,PG-13,90%,111 min,2016
350,"Sunny Pawar, Abhishek Bharate, Priyanka Bose, Khushi Solanki",Garth Davis,8.1/10,69/100,Lion,PG-13,86%,118 min,2016
351,"Chris Hemsworth, Charlize Theron, Jessica Chastain, Emily Blunt",Cedric Nicolas-Troyan,6.1/10,35/100,The Huntsman: Winter's War,PG-13,17%,114 min,2016
352,"Art Parkinson, Charlize Theron, Ralph Fiennes, Brenda Vaccaro",Travis Knight,7.8/10,84/100,Kubo and the Two Strings,PG,97%,101 min,2016
353,"Casey Affleck, Ben O'Brien, Kyle Chandler, Richard Donelly",Kenneth Lonergan,7.8/10,96/100,Manchester by the Sea,R,95%,137 min,2016
354,"Travis Fimmel, Paula Patton, Ben Foster, Dominic Cooper",Duncan Jones,6.9/10,32/100,Warcraft,PG-13,27%,123 min,2016
355,"Dakota Johnson, Rebel Wilson, Leslie Mann, Damon Wayans Jr.",Christian Ditter,6.1/10,51/100,How to Be Single,R,47%,110 min,2016
356,"Zac Efron, Adam Devine, Anna Kendrick, Aubrey Plaza",Jake Szymanski,6.0/10,51/100,Mike and Dave Need Wedding Dates,R,35%,98 min,2016
357,"Miles Teller, Steve Lantz, Gregg Weiner, David Packouz",Todd Phillips,7.1/10,57/100,War Dogs,R,59%,114 min,2016
358,"Danny Glover, Gabrielle Union, Mo'Nique, Kimberly Elise",David E. Talbert,6.0/10,55/100,Almost Christmas,PG-13,51%,111 min,2016
359,"George Clooney, Julia Roberts, Jack O'Connell, Dominic West",Jodie Foster,6.5/10,55/100,Money Monster,R,57%,98 min,2016
360,"Brad Pitt, Vincent Ebrahim, Xavier de Guillebon, Marion Cotillard",Robert Zemeckis,7.1/10,60/100,Allied,R,59%,124 min,2016
361,"Emma Roberts, Dave Franco, Emily Meade, Miles Heizer","Henry Joost, Ariel Schulman",6.6/10,58/100,Nerve,PG-13,67%,96 min,2016
362,"Joseph Fiennes, Tom Felton, Peter Firth, Cliff Curtis",Kevin Reynolds,6.3/10,51/100,Risen,PG-13,52%,107 min,2016
363,"Russell Crowe, Ryan Gosling, Angourie Rice, Matt Bomer",Shane Black,7.4/10,70/100,The Nice Guys,R,92%,116 min,2016
364,"Lauren Cohan, Rupert Evans, James Russell, Jim Norton",William Brent Bell,6.0/10,42/100,The Boy,PG-13,28%,97 min,2016
365,"Robert De Niro, Zac Efron, Zoey Deutch, Aubrey Plaza",Dan Mazer,5.9/10,21/100,Dirty Grandpa,R,11%,102 min,2016
366,"Annalise Basso, Elizabeth Reaser, Lulu Wilson, Henry Thomas",Mike Flanagan,6.1/10,65/100,Ouija: Origin of Evil,PG-13,82%,99 min,2016
367,"Chloë Grace Moretz, Matthew Zuk, Gabriela Lopez, Bailey Anne Borders",J Blakeson,5.2/10,33/100,The 5th Wave,PG-13,15%,112 min,2016
368,"Tom Hanks, Felicity Jones, Omar Sy, Irrfan Khan",Ron Howard,6.2/10,42/100,Inferno,PG-13,22%,121 min,2016
369,"Jennifer Aniston, Timothy Olyphant, Shay Mitchell, Caleb Brown",Garry Marshall,5.6/10,18/100,Mother's Day,PG-13,6%,118 min,2016
370,"Mark Wahlberg, Dicky Eklund Jr., Michael Marchand, Rhet Kidd",Peter Berg,7.4/10,69/100,Patriots Day,R,81%,133 min,2016
371,"Brenton Thwaites, John Samaha, Courtney Eaton, Nikolaj Coster-Waldau",Alex Proyas,5.4/10,25/100,Gods of Egypt,PG-13,15%,127 min,2016
372,"Will Smith, Edward Norton, Kate Winslet, Michael Peña",David Frankel,6.8/10,23/100,Collateral Beauty,PG-13,14%,97 min,2016
373,"Josh Brolin, George Clooney, Alden Ehrenreich, Ralph Fiennes","Ethan Coen, Joel Coen",6.3/10,72/100,"Hail, Caesar!",PG-13,85%,106 min,2016
374,"Morris Chestnut, Regina Hall, Romany Malco, Michael Kenneth Williams",Jon Cassar,4.9/10,28/100,When the Bough Breaks,PG-13,11%,107 min,2016
375,"Justin Bieber, Jon Daly, Penélope Cruz, Ben Stiller",Ben Stiller,4.7/10,34/100,Zoolander 2,PG-13,23%,101 min,2016
376,"Mahershala Ali, Shariff Earp, Duan Sanderson, Alex R. Hibbert",Barry Jenkins,7.4/10,99/100,Moonlight,R,98%,111 min,2016
377,"Chris Pine, Casey Affleck, Ben Foster, Eric Bana",Craig Gillespie,6.7/10,58/100,The Finest Hours,PG-13,64%,117 min,2016
378,"Meryl Streep, Hugh Grant, Simon Helberg, Rebecca Ferguson",Stephen Frears,6.9/10,71/100,Florence Foster Jenkins,PG-13,87%,111 min,2016
379,"Dale Dickey, Ben Foster, Chris Pine, William Sterchi",David Mackenzie,7.6/10,88/100,Hell or High Water,R,97%,102 min,2016
380,"Natalie Dormer, Eoin Macken, Stephanie Vogt, Osamu Tanpopo",Jason Zada,4.8/10,34/100,The Forest,PG-13,10%,93 min,2016
381,"Charlton Heston, Jack Hawkins, Haya Harareet, Stephen Boyd",William Wyler,8.1/10,90/100,Ben-Hur,G,86%,212 min,1959
382,"Anya Taylor-Joy, Ralph Ineson, Kate Dickie, Harvey Scrimshaw",Robert Eggers,6.8/10,83/100,The Witch,R,91%,92 min,2015
383,"Renée Zellweger, Gemma Jones, Jim Broadbent, Sally Phillips",Sharon Maguire,6.6/10,59/100,Bridget Jones's Baby,R,77%,118 min,2016
384,"Kevin Hart, Halle Berry, Don Cheadle, Ed Helms","Leslie Small, Tim Story",5.8/10,60/100,Kevin Hart: What Now?,R,78%,96 min,2016
385,"Mark Hamill, Carrie Fisher, Adam Driver, Daisy Ridley",Rian Johnson,7.4/10,85/100,Star Wars: The Last Jedi,PG-13,91%,152 min,2017
386,"Robby Benson, Jesse Corti, Rex Everhart, Angela Lansbury","Gary Trousdale, Kirk Wise",8.0/10,95/100,Beauty and the Beast,G,94%,84 min,1991
387,"Gal Gadot, Chris Pine, Connie Nielsen, Robin Wright",Patty Jenkins,7.5/10,76/100,Wonder Woman,PG-13,92%,141 min,2017
388,"Dwayne Johnson, Kevin Hart, Jack Black, Karen Gillan",Jake Kasdan,7.0/10,58/100,Jumanji: Welcome to the Jungle,PG-13,76%,119 min,2017
389,"Chris Pratt, Zoe Saldana, Dave Bautista, Vin Diesel",James Gunn,7.7/10,67/100,Guardians of the Galaxy Vol. 2,PG-13,83%,136 min,2017
390,"Tom Holland, Michael Keaton, Robert Downey Jr., Marisa Tomei",Jon Watts,7.5/10,73/100,Spider-Man: Homecoming,PG-13,92%,133 min,2017
391,"Jaeden Lieberher, Jeremy Ray Taylor, Sophia Lillis, Finn Wolfhard",Andy Muschietti,7.5/10,69/100,It,R,85%,135 min,2017
392,"Chris Hemsworth, Tom Hiddleston, Cate Blanchett, Idris Elba",Taika Waititi,7.9/10,74/100,Thor: Ragnarok,PG-13,92%,130 min,2017
393,"Steve Carell, Kristen Wiig, Trey Parker, Miranda Cosgrove","Kyle Balda, Pierre Coffin, Eric Guillon(co-director)",6.3/10,49/100,Despicable Me 3,PG,59%,89 min,2017
394,"Ben Affleck, Henry Cavill, Amy Adams, Gal Gadot",Zack Snyder,6.8/10,45/100,Justice League,PG-13,40%,120 min,2017
395,"Hugh Jackman, Patrick Stewart, Dafne Keen, Boyd Holbrook",James Mangold,8.1/10,77/100,Logan,R,93%,137 min,2017
396,"Vin Diesel, Jason Statham, Dwayne Johnson, Michelle Rodriguez",F. Gary Gray,6.7/10,56/100,The Fate of the Furious,PG-13,66%,136 min,2017
397,"Anthony Gonzalez, Gael García Bernal, Benjamin Bratt, Alanna Ubach","Lee Unkrich, Adrian Molina(co-director)",8.5/10,81/100,Coco,PG,97%,105 min,2017
398,"Fionn Whitehead, Damien Bonnard, Aneurin Barnard, Lee Armstrong",Christopher Nolan,8.0/10,94/100,Dunkirk,PG-13,92%,106 min,2017
399,"Daniel Kaluuya, Allison Williams, Catherine Keener, Bradley Whitford",Jordan Peele,7.7/10,84/100,Get Out,R,99%,104 min,2017
400,"Will Arnett, Michael Cera, Rosario Dawson, Ralph Fiennes",Chris McKay,7.3/10,75/100,The LEGO Batman Movie,PG,90%,104 min,2017
401,"Alec Baldwin, Steve Buscemi, Jimmy Kimmel, Lisa Kudrow",Tom McGrath,6.3/10,50/100,The Boss Baby,PG,52%,97 min,2017
402,"Hugh Jackman, Michelle Williams, Zac Efron, Zendaya",Michael Gracey,7.8/10,48/100,The Greatest Showman,PG,55%,105 min,2017
403,"Johnny Depp, Javier Bardem, Geoffrey Rush, Brenton Thwaites","Joachim Rønning, Espen Sandberg",6.6/10,39/100,Pirates of the Caribbean: Dead Men Tell No Tales,PG-13,30%,129 min,2017
404,"Tom Hiddleston, Samuel L. Jackson, Brie Larson, John C. Reilly",Jordan Vogt-Roberts,6.7/10,62/100,Kong: Skull Island,PG-13,76%,118 min,2017
405,"Owen Wilson, Cristela Alonzo, Chris Cooper, Nathan Fillion",Brian Fee,6.8/10,59/100,Cars 3,G,68%,102 min,2017
406,"Andy Serkis, Woody Harrelson, Steve Zahn, Karin Konoval",Matt Reeves,7.5/10,82/100,War for the Planet of the Apes,PG-13,93%,140 min,2017
407,"James McAvoy, Anya Taylor-Joy, Betty Buckley, Haley Lu Richardson",M. Night Shyamalan,7.3/10,62/100,Split,PG-13,76%,117 min,2016
408,"Jacob Tremblay, Owen Wilson, Izabela Vidovic, Julia Roberts",Stephen Chbosky,8.0/10,66/100,Wonder,PG,85%,113 min,2017
409,"Mark Wahlberg, Anthony Hopkins, Josh Duhamel, Laura Haddock",Michael Bay,5.2/10,27/100,Transformers: The Last Knight,PG-13,16%,154 min,2017
410,"Regina Hall, Queen Latifah, Jada Pinkett Smith, Tiffany Haddish",Malcolm D. Lee,6.3/10,71/100,Girls Trip,R,90%,122 min,2017
411,"Dakota Johnson, Jamie Dornan, Eric Johnson, Eloise Mumford",James Foley,4.6/10,33/100,Fifty Shades Darker,R,10%,118 min,2017
412,"Ansel Elgort, Jon Bernthal, Jon Hamm, Eiza González",Edgar Wright,7.7/10,86/100,Baby Driver,R,93%,112 min,2017
413,"Anna Kendrick, Rebel Wilson, Brittany Snow, Anna Camp",Trish Sie,6.0/10,40/100,Pitch Perfect 3,PG-13,31%,93 min,2017
414,"Will Ferrell, Mark Wahlberg, Mel Gibson, John Lithgow",Sean Anders,6.0/10,30/100,Daddy's Home 2,PG-13,19%,100 min,2017
415,"Paapa Essiedu, Yassine Zeroual, Asan N'Jie, Michael Rouse",Kenneth Branagh,6.6/10,52/100,Murder on the Orient Express,PG-13,57%,114 min,2017
416,"Anthony LaPaglia, Samara Lee, Miranda Otto, Brad Greenquist",David F. Sandberg,6.6/10,62/100,Annabelle: Creation,R,70%,109 min,2017
417,"Taron Egerton, Edward Holcroft, Gordon Alexander, Mark Strong",Matthew Vaughn,6.9/10,44/100,Kingsman: The Golden Circle,R,52%,141 min,2017
418,"Ryan Gosling, Dave Bautista, Robin Wright, Mark Arnold",Denis Villeneuve,8.1/10,81/100,Blade Runner 2049,R,87%,164 min,2017
419,"T.J. Miller, James Corden, Anna Faris, Maya Rudolph",Tony Leondis,3.1/10,12/100,The Emoji Movie,PG,9%,86 min,2017
420,"Dacre Montgomery, Naomi Scott, RJ Cyler, Ludi Lin",Dean Israelite,6.0/10,44/100,Power Rangers,PG-13,44%,124 min,2017
421,"Jack Gore, Jet Jurgensmeyer, Nile Diaz, Colin H. Murphy",Carlos Saldanha,6.7/10,58/100,Ferdinand,PG,71%,108 min,2017
422,"Meryl Streep, Tom Hanks, Sarah Paulson, Bob Odenkirk",Steven Spielberg,7.3/10,83/100,The Post,PG-13,88%,116 min,2017
423,"Brendan Fraser, Rachel Weisz, John Hannah, Arnold Vosloo",Stephen Sommers,7.0/10,48/100,The Mummy,PG-13,57%,124 min,1999
424,"Elodie Yung, Ryan Reynolds, Tsuwayuki Saotome, Roy Hill",Patrick Hughes,6.9/10,47/100,The Hitman's Bodyguard,R,40%,118 min,2017
425,"Michael Fassbender, Katherine Waterston, Billy Crudup, Danny McBride",Ridley Scott,6.5/10,65/100,Alien: Covenant,R,67%,122 min,2017
426,"Kevin Hart, Ed Helms, Nick Kroll, Thomas Middleditch",David Soren,6.2/10,69/100,Captain Underpants: The First Epic Movie,PG,86%,89 min,2017
427,"Mila Kunis, Kristen Bell, Kathryn Hahn, Christine Baranski","Jon Lucas, Scott Moore",5.5/10,42/100,A Bad Moms Christmas,R,29%,104 min,2017
428,"Josh Gad, Dennis Quaid, Peggy Lipton, Bryce Gheisar",Lasse Hallström,6.9/10,43/100,A Dog's Purpose,PG,33%,100 min,2017
429,"Sally Hawkins, Michael Shannon, Richard Jenkins, Octavia Spencer",Guillermo del Toro,7.6/10,87/100,The Shape of Water,R,92%,123 min,2017
430,"Jackie Chan, Dave Franco, Fred Armisen, Kumail Nanjiani","Charlie Bean, Paul Fisher, Bob Logan",6.0/10,55/100,The LEGO Ninjago Movie,PG,54%,101 min,2017
431,"Dwayne Johnson, Zac Efron, Priyanka Chopra, Alexandra Daddario",Seth Gordon,5.6/10,37/100,Baywatch,R,18%,116 min,2017
432,"Sam Worthington, Octavia Spencer, Tim McGraw, Radha Mitchell",Stuart Hazeldine,6.3/10,32/100,The Shack,PG-13,19%,132 min,2017
433,"Gary Oldman, Kristin Scott Thomas, Ben Mendelsohn, Lily James",Joe Wright,7.4/10,75/100,Darkest Hour,PG-13,85%,125 min,2017
434,"Jessica Rothe, Israel Broussard, Ruby Modine, Charles Aitken",Christopher Landon,6.5/10,57/100,Happy Death Day,PG-13,71%,96 min,2017
435,"Frances McDormand, Caleb Landry Jones, Kerry Condon, Sam Rockwell",Martin McDonagh,8.2/10,88/100,"Three Billboards Outside Ebbing, Missouri",R,92%,115 min,2017
436,"Charlize Theron, James McAvoy, Eddie Marsan, John Goodman",David Leitch,6.7/10,63/100,Atomic Blonde,R,77%,115 min,2017
437,"Tom Cruise, Domhnall Gleeson, Sarah Wright, Jesse Plemons",Doug Liman,7.2/10,65/100,American Made,R,86%,115 min,2017
438,"Matthew McConaughey, Idris Elba, Tom Taylor, Dennis Haysbert",Nikolaj Arcel,5.7/10,34/100,The Dark Tower,PG-13,16%,95 min,2017
439,"Saoirse Ronan, Laurie Metcalf, Tracy Letts, Lucas Hedges",Greta Gerwig,7.5/10,94/100,Lady Bird,R,99%,94 min,2017
440,"Amy Schumer, Kim Caramele, Raven Goodwin, Katie Dippold",Jonathan Levine,4.4/10,45/100,Snatched,R,36%,90 min,2017
441,"Matt Damon, Tian Jing, Willem Dafoe, Andy Lau",Yimou Zhang,6.0/10,42/100,The Great Wall,PG-13,35%,103 min,2016
442,"Demi Lovato, Rainn Wilson, Joe Manganiello, Jack McBrayer",Kelly Asbury,5.9/10,40/100,Smurfs: The Lost Village,PG,38%,90 min,2017
443,"Michael Caine, Richie Moriarty, Josh Pais, John Ortiz",Zach Braff,6.6/10,50/100,Going in Style,PG-13,90%,96 min,2017
444,"Demetrius Shipp Jr., Danai Gurira, Kat Graham, Hill Harper",Benny Boom,5.8/10,38/100,All Eyez on Me,R,17%,139 min,2017
445,"Kumail Nanjiani, Zoe Kazan, Holly Hunter, Ray Romano",Michael Showalter,7.6/10,86/100,The Big Sick,R,98%,120 min,2017
446,"Dane DeHaan, Cara Delevingne, Clive Owen, Rihanna",Luc Besson,6.5/10,51/100,Valerian and the City of a Thousand Planets,PG-13,49%,137 min,2017
447,"Steven Yeun, Keegan-Michael Key, Aidy Bryant, Gina Rodriguez",Timothy Reckart,5.8/10,42/100,The Star,PG,45%,86 min,2017
448,"Scarlett Johansson, Pilou Asbæk, Takeshi Kitano, Juliette Binoche",Rupert Sanders,6.4/10,52/100,Ghost in the Shell,PG-13,44%,107 min,2017
449,"Charlie Hunnam, Astrid Bergès-Frisbey, Jude Law, Djimon Hounsou",Guy Ritchie,6.8/10,41/100,King Arthur: Legend of the Sword,PG-13,30%,126 min,2017
450,"Matt Passmore, Tobin Bell, Callum Keith Rennie, Hannah Emily Anderson","Michael Spierig, Peter Spierig",5.8/10,39/100,Jigsaw,R,34%,92 min,2017
451,"Dylan O'Brien, Charlotte Vega, Christopher Bomford, Chris Webster",Michael Cuesta,6.2/10,45/100,American Assassin,R,34%,112 min,2017
452,"Katie Leung, Jackie Chan, Rufus Jones, Mark Tandy",Martin Campbell,7.0/10,55/100,The Foreigner,R,62%,113 min,2017
453,"Amandla Stenberg, Nick Robinson, Anika Noni Rose, Ana de la Reguera",Stella Meghie,6.4/10,52/100,"Everything, Everything",PG-13,46%,96 min,2017
454,"Kelsey Asbille, Jeremy Renner, Julia Jones, Teo Briones",Taylor Sheridan,7.8/10,73/100,Wind River,R,87%,107 min,2017
455,"Gerard Butler, Jim Sturgess, Abbie Cornish, Alexandra Maria Lara",Dean Devlin,5.4/10,21/100,Geostorm,PG-13,13%,109 min,2017
456,"Lucas Till, Jane Levy, Thomas Lennon, Barry Pepper",Chris Wedge,5.7/10,41/100,Monster Trucks,PG,30%,104 min,2016
457,"Charlie Day, Ice Cube, Tracy Morgan, Jillian Bell",Richie Keen,5.6/10,37/100,Fist Fight,R,26%,91 min,2017
458,"Eugenio Derbez, Salma Hayek, Raphael Alejandro, Rob Lowe",Ken Marino,5.9/10,54/100,How to be a Latin Lover,PG-13,38%,115 min,2017
459,"Halle Berry, Sage Correa, Chris McGinn, Lew Temple",Luis Prieto,5.9/10,44/100,Kidnap,R,37%,95 min,2017
460,"Kate Beckinsale, Theo James, Tobias Menzies, Lara Pulver",Anna Foerster,5.8/10,23/100,Underworld: Blood Wars,R,20%,91 min,2016
461,"Idris Elba, Kate Winslet, Beau Bridges, Dermot Mulroney",Hany Abu-Assad,6.4/10,48/100,The Mountain Between Us,PG-13,40%,112 min,2017
462,"Hiroyuki Sanada, Ryan Reynolds, Rebecca Ferguson, Jake Gyllenhaal",Daniel Espinosa,6.6/10,54/100,Life,R,67%,104 min,2017
463,"Margot Robbie, Sebastian Stan, Allison Janney, Julianne Nicholson",Craig Gillespie,7.6/10,77/100,"I, Tonya",R,90%,120 min,2017
464,"Scott Shepherd, Rosamund Pike, Ava Cooper, Stella Cooper",Scott Cooper,7.3/10,65/100,Hostiles,R,73%,134 min,2017
465,"Jessica Chastain, Idris Elba, Kevin Costner, Michael Cera",Aaron Sorkin,7.5/10,71/100,Molly's Game,R,82%,140 min,2017
466,"Will Arnett, Maya Rudolph, Bobby Cannavale, Bobby Moynihan",Cal Brunker,5.3/10,36/100,The Nut Job 2: Nutty by Nature,PG,13%,91 min,2017
467,"Matilda Anna Ingrid Lutz, Alex Roe, Johnny Galecki, Vincent D'Onofrio",F. Javier Gutiérrez,4.5/10,25/100,Rings,PG-13,7%,102 min,2017
468,"Farrah Mackenzie, Channing Tatum, Jim O'Heir, Riley Keough",Steven Soderbergh,7.1/10,78/100,Logan Lucky,PG-13,93%,118 min,2017
469,"Reese Witherspoon, Michael Sheen, Candice Bergen, Pico Alexander",Hallie Meyers-Shyer,5.7/10,41/100,Home Again,PG-13,32%,97 min,2017
470,"Milla Jovovich, Iain Glen, Ali Larter, Shawn Roberts",Paul W.S. Anderson,5.6/10,49/100,Resident Evil: The Final Chapter,R,36%,107 min,2016
471,"Will Ferrell, Amy Poehler, Jason Mantzoukas, Ryan Simpkins",Andrew Jay Cohen,5.6/10,30/100,The House,R,18%,88 min,2017
472,"Michelle Williams, Christopher Plummer, Mark Wahlberg, Romain Duris",Ridley Scott,7.0/10,72/100,All the Money in the World,R,78%,132 min,2017
473,"Chris Evans, Mckenna Grace, Lindsay Duncan, Octavia Spencer",Marc Webb,7.6/10,60/100,Gifted,PG-13,73%,101 min,2017
474,"Matt Damon, Christoph Waltz, Hong Chau, Kristen Wiig",Alexander Payne,5.7/10,63/100,Downsizing,R,51%,135 min,2017
475,"Douglas Smith, Lucien Laviscount, Cressida Bonas, Doug Jones",Stacy Title,4.3/10,37/100,The Bye Bye Man,PG-13,23%,97 min,2017
476,"Scarlett Johansson, Jillian Bell, Zoë Kravitz, Ilana Glazer",Lucia Aniello,5.2/10,51/100,Rough Night,R,45%,101 min,2017
477,"Uzo Aduba, Ashleigh Ball, Adam Bengis, Emily Blunt",Jayson Thiessen,6.2/10,39/100,My Little Pony: The Movie,PG,47%,99 min,2017
478,"Elle Fanning, Dane DeHaan, Carly Rae Jepsen, Maddie Ziegler","Eric Summer, Éric Warin, Mimi Maynard, Paulette Victor-Lifton",6.8/10,48/100,Leap!,PG,37%,89 min,2016
479,"Dave Franco, James Franco, Seth Rogen, Ari Graynor",James Franco,7.6/10,76/100,The Disaster Artist,R,91%,104 min,2017
